id,FirstName,LastName,email
1,Ahmed,Ali,ahmed@7aga.com
2,Ali,Ehab,ali@8aga.com
3,Ehab,Mohsen,ehab@9aga.com
4,Hassan,Ahmed,ahmed@10aga.com
5,monzer,Sameh,ahmed@11aga.com
6,Mohammed,Essam,ahmed@12aga.com
7,Mahmoud,Omar,ahmed@13aga.com
8,Sobhy,Tamer,ahmed@14aga.com
9,Baher,Ashraf,ahmed@15aga.com
10,Eslam,Hosny,ahmed@16aga.com
11,Mona,Emad,ahmed@17aga.com
12,Zaky,Abdallah,ahmed@18aga.com
13,Adel,kamel,ahmed@19aga.com
14,Kareem,kamal,ahmed@20aga.com
15,Moamen,baher,ahmed@21aga.com
16,Enas,Yasser,ahmed@22aga.com
17,Sophia,hany,ahmed@23aga.com
18,Jon,doe,ahmed@24aga.com
19,Peter,chaloeile,ahmed@25aga.com
20,Bebo,jamil,ahmed@26aga.com
